85166409012882,269390614970428,7.8261666,true
85166409012882,269390624968658,6.2341185,true
85166409012882,269390635282253,4.9604797,true
85166409012882,269390645295119,3.9951987,true
85166409012882,269390655421943,3.192328,true
85166409012882,269390665504287,2.5347085,true
85166409012882,269390675573351,2.012444,true
85166409012882,269390685559081,1.6329393,true
85166409012882,269390695781269,1.3178434,true
85166409012882,269390705919448,1.0466127,true
85166409012882,269390716004292,0.82579803,true
85166409012882,269390726139554,0.6414852,true
85166409012882,269390736338461,0.5170183,true
85166409012882,269390746307785,0.4059534,true
85166409012882,269390756549973,0.30943966,true
85166409012882,269390766507579,0.24755192,true
85166409012882,269390776661121,0.24017906,true
85166409012882,269390786700654,0.19597435,true
85166409012882,269390796818884,0.12230301,true
85166409012882,269390806989614,0.13998032,true
85166409012882,269390817005865,0.12730694,true
85166409012882,269390827139720,0.07120037,false
85166409012882,269390837262169,0.08377552,false
85166409012882,269390847370972,0.05169773,false
85166409012882,269390857546390,0.026035309,false
85166409012882,269390867603891,0.036150932,false
85166409012882,269390877706548,0.0059366226,false
85166409012882,269390887779934,-0.0029115677,false
85166409012882,269390898034467,0.012993813,false
85166409012882,269390908045874,-0.0010976791,false
85166409012882,269390918167854,0.0335989,false
85166409012882,269390928221970,-0.011427879,false
85166409012882,269390938287960,0.010011673,false
85166409012882,269390948402076,3.4809113E-4,false
85166409012882,269390958494681,0.0041093826,false
85166409012882,269390968656244,0.007118225,false
85166409012882,269390978749735,0.013356209,false
85166409012882,269390988800153,-0.03528309,false
85166409012882,269390998920675,0.033064842,false
85166409012882,269391009013540,0.022621155,false
85166409012882,269391019139010,0.0027742386,false
85166409012882,269391029304792,0.0022192001,false
85166409012882,269391039158647,-0.032701492,false
85166409012882,269391049422555,0.008315086,false
85166409012882,269391059563337,-0.043147087,false
85166409012882,269391069691671,0.022942543,false
85166409012882,269391080011881,0.014523506,false
85166409012882,269391089898757,0.019280434,false
85166409012882,269391100015997,0.007762909,false
85166409012882,269391110149800,-0.012943268,false
85166409012882,269391120464541,0.0011377335,false
85166409012882,269391130340167,-0.05272007,false
85166409012882,269391140330376,0.026777267,false
85166409012882,269391150510117,0.017590523,false
85166409012882,269391160550795,0.06770229,false
85166409012882,269391170694025,0.015854836,false
85166409012882,269391180842151,-0.056268692,false
85166409012882,269391190832204,-0.02586174,false
85166409012882,269391200961945,-0.0168581,false
85166409012882,269391211083612,-0.028809547,false
85166409012882,269391221205801,0.022921562,false
85166409012882,269391231369083,0.0068454742,false
85166409012882,269391241201740,0.036122322,false
85166409012882,269391251504919,0.02506733,false
85166409012882,269391261467368,-0.014422417,false
85166409012882,269391271802212,-4.5776367E-5,false
85166409012882,269391281856119,-0.06898975,false
85166409012882,269391291887475,0.0022687912,false
85166409012882,269391302033726,0.040122032,false
85166409012882,269391311932008,0.024435997,false
85166409012882,269391322269144,0.004225731,false
85166409012882,269391332426437,-0.01960373,false
85166409012882,269391342305917,-0.008021355,false
85166409012882,269391352503158,-0.010248184,false
85166409012882,269391362608159,-0.019690514,false
85166409012882,269391372692483,-4.2915344E-4,false
85166409012882,269391382890296,0.049455643,false
85166409012882,269391392918474,0.05488777,false
85166409012882,269391403099517,0.0056028366,false
85166409012882,269391413110872,-0.022333145,false
85166409012882,269391423226498,-0.029358864,false
85166409012882,269391433401135,0.007159233,false
85166409012882,269391443403323,-0.021087646,false
85166409012882,269391453548897,0.021436691,false
85166409012882,269391463609367,0.03247261,false
85166409012882,269391473712753,-0.004667282,false
85166409012882,269391483822442,0.01158905,false
85166409012882,269391493924734,-0.021374702,false
85166409012882,269391504016663,-0.02093029,false
85166409012882,269391514123382,-0.0014219284,false
85166409012882,269391524218071,-0.027952194,false
85166409012882,269391534341561,-0.00703907,false
85166409012882,269391544678958,-0.005631447,false
85166409012882,269391554574688,0.045293808,false
85166409012882,269391565085262,0.005589485,false
85166409012882,269391575086409,-0.056819916,false
85166409012882,269391585085889,-0.010979652,false
85166409012882,269391595212765,0.010369301,false
85166409012882,269391605316152,0.008295059,false
85166409012882,269391615661049,-0.0010251999,false
85166409012882,269391625788706,0.0030107498,false
85166409012882,269391635426988,-0.0014219284,false
85166409012882,269391645473500,-0.004968643,false
85166409012882,269391655604959,-1.4400482E-4,false
85166409012882,269391665682772,-0.0039463043,false
85166409012882,269391675850534,0.027488708,false
85166409012882,269391685995639,-9.92775E-4,false
85166409012882,269391696148452,-0.012286186,false
85166409012882,269391706260537,-0.025151253,false
85166409012882,269391716357361,0.018185616,false
85166409012882,269391726458768,0.0988245,false
85166409012882,269391736559029,0.059906006,false
85166409012882,269391746663301,0.0287714,false
85166409012882,269391756771688,0.080477715,false
85166409012882,269391766871116,-0.004570961,false
85166409012882,269391776986325,-0.026640892,false
85166409012882,269391787093409,-0.051958084,false
85166409012882,269391797228879,-0.06071949,false
85166409012882,269391807326328,-0.06389809,false
85166409012882,269391817462683,-0.03962612,false
85166409012882,269391827518934,-0.027870178,false
85166409012882,269391837599717,6.8855286E-4,false
85166409012882,269391847707009,-0.02626419,false
85166409012882,269391857876906,0.055603027,false
85166409012882,269391867976959,0.021497726,false
85166409012882,269391878095346,0.06316662,false
85166409012882,269391888180190,0.050533295,false
85166409012882,269391898283993,0.028934479,false
85166409012882,269391908391026,1.6307831E-4,false
85166409012882,269391918492902,0.019284248,false
85166409012882,269391928603892,0.00393486,false
85166409012882,269391938619622,-0.050481796,false
85166409012882,269391948735509,-0.040385246,false
85166409012882,269391958840458,-0.047631264,false
85166409012882,269391968928427,-0.053427696,false
85166409012882,269391979040200,-0.092541695,false
85166409012882,269391989160565,-0.0587101,false
85166409012882,269391999255879,-9.994507E-4,false
85166409012882,269392009351608,0.026015282,false
85166409012882,269392019445047,0.059119225,false
85166409012882,269392029545985,0.05112648,false
85166409012882,269392039654685,0.01791668,false
85166409012882,269392049788331,0.056471825,false
85166409012882,269392060079948,0.05283928,false
85166409012882,269392070233906,0.02311802,false
85166409012882,269392080235782,0.026155472,false
85166409012882,269392090233648,0.017093658,false
85166409012882,269392100266566,0.059643745,false
85166409012882,269392110320264,-0.07869911,false
85166409012882,269392120419485,-0.02848339,false
85166409012882,269392130599225,-0.057263374,false
85166409012882,269392140535007,-0.08411789,false
85166409012882,269392150606414,-0.124754906,false
85166409012882,269392160714749,-0.0116968155,false
85166409012882,269392170840583,-0.020849228,false
85166409012882,269392180927199,0.03695011,false
85166409012882,269392191020845,0.02189827,false
85166409012882,269392201125274,0.048164368,false
85166409012882,269392211226785,2.2411346E-4,false
85166409012882,269392221339286,0.03465557,false
85166409012882,269392231444547,0.0622015,false
85166409012882,269392241545017,0.034438133,false
85166409012882,269392251637570,0.054365158,false
85166409012882,269392261769863,0.035830498,false
85166409012882,269392271904968,0.017172813,false
85166409012882,269392281986948,-0.07819939,false
85166409012882,269392292103251,-0.058728218,false
85166409012882,269392302189398,-0.06613636,false
85166409012882,269392312412056,7.209778E-4,false
85166409012882,269392322403567,0.015899658,false
85166409012882,269392332507370,0.0012273788,false
85166409012882,269392342766277,0.031627655,false
85166409012882,269392352909560,0.017640114,false
85166409012882,269392362864769,-0.020364761,false
85166409012882,269392373105551,0.0066919327,false
85166409012882,269392383224875,-0.0061388016,false
85166409012882,269392393284199,-0.07003307,false
85166409012882,269392403345346,-0.036872864,false
85166409012882,269392413487639,0.03945446,false
85166409012882,269392423598733,9.174347E-4,false
85166409012882,269392433690765,0.0045642853,false
85166409012882,269392443755246,0.026636124,false
85166409012882,269392453896080,-0.074459076,false
85166409012882,269392463996185,0.009386063,false
85166409012882,269392474146342,-0.0039834976,false
85166409012882,269392484240927,0.035120964,false
85166409012882,269392494342751,0.043419838,false
85166409012882,269392504485877,0.019412994,false
85166409012882,269392514546138,2.0694733E-4,false
85166409012882,269392524466712,0.038472176,false
85166409012882,269392534698536,-0.034344673,false
85166409012882,269392544942756,-0.031306267,false
85166409012882,269392554915100,-0.017383575,false
85166409012882,269392564947550,-0.006245613,false
85166409012882,269392575071665,0.017987251,false
85166409012882,269392585410624,0.0028982162,false
85166409012882,269392595429323,0.009980202,false
85166409012882,269392605299585,-0.026492119,false
85166409012882,269392615424846,-0.013531685,false
85166409012882,269392625429326,-0.014656067,false
85166409012882,269392635530369,0.030413628,false
85166409012882,269392645642714,0.016669273,false
85166409012882,269392655793027,0.0018434525,false
85166409012882,269392666042091,0.0014753342,false
85166409012882,269392675975790,-0.002650261,false
85166409012882,269392685873811,-0.032766342,false
85166409012882,269392696184125,-0.007060051,false
85166409012882,269392706473189,0.005844116,false
85166409012882,269392716531679,-0.006816864,false
85166409012882,269392726465795,-0.0092840195,false
85166409012882,269392736729806,2.3460388E-4,false
85166409012882,269392746833557,0.023171425,false
85166409012882,269392756927621,0.056843758,false
85166409012882,269392767042153,-0.023477554,false
85166409012882,269392777145956,0.015694618,false
85166409012882,269392787303405,-0.037243843,false
85166409012882,269392797378979,-0.006811142,false
85166409012882,269392807440855,0.0022125244,false
85166409012882,269392817645439,0.020923615,false
85166409012882,269392827724138,-0.0024147034,false
85166409012882,269392837825129,0.0057296753,false
85166409012882,269392847932421,-0.0107393265,false
85166409012882,269392857957631,-0.004760742,false
85166409012882,269392868072059,-0.0038089752,false
85166409012882,269392878163362,0.03909111,false
85166409012882,269392888265446,0.023611069,false
85166409012882,269392898374718,0.0035657883,false
85166409012882,269392908467532,-0.03162384,false
85166409012882,269392918429407,-0.009976387,false
85166409012882,269392928549825,0.0035104752,false
85166409012882,269392938661180,0.021962166,false
85166409012882,269392948537223,0.009908676,false
85166409012882,269392958650870,-0.03421116,false
85166409012882,269392968752121,0.033922195,false
85166409012882,269392978852747,-0.041815758,false
85166409012882,269392988973581,-0.0028066635,false
85166409012882,269392999057645,0.028400421,false
85166409012882,269393009348167,-0.004094124,false
85166409012882,269393019262959,5.5503845E-4,false
85166409012882,269393029523169,0.008105278,false
85166409012882,269393039904993,0.017975807,false
85166409012882,269393049927181,0.018211365,false
85166409012882,269393060140099,0.006907463,false
85166409012882,269393069907183,-0.009797096,false
85166409012882,269393080013330,-0.015499115,false
85166409012882,269393090116768,-0.012399673,false
85166409012882,269393100075884,-0.07504177,false
85166409012882,269393110323489,0.024242401,false
85166409012882,269393120431303,0.02322483,false
85166409012882,269393130522085,-5.7315826E-4,false
85166409012882,269393140618023,0.011033058,false
85166409012882,269393150718285,-0.017989159,false
85166409012882,269393160851307,-0.0067300797,false
85166409012882,269393170945995,-0.0015535355,false
85166409012882,269393181080840,-0.043380737,false
85166409012882,269393191171310,0.03807926,false
85166409012882,269393201269956,-0.007843971,false
85166409012882,269393211385947,-0.021597862,false
85166409012882,269393221479177,-0.017277718,false
85166409012882,269393231629595,-0.021483421,false
85166409012882,269393241723606,0.005797386,false
85166409012882,269393251787305,0.012299538,false
85166409012882,269393261896838,0.07496166,false
85166409012882,269393272003453,0.014000893,false
85166409012882,269393282090277,0.015031815,false
85166409012882,269393292302778,-0.041604996,false
85166409012882,269393302299394,0.031838417,false
85166409012882,269393312410124,0.013978958,false
85166409012882,269393322504552,-0.053938866,false
85166409012882,269393332612782,0.029632568,false
85166409012882,269393342707158,0.027536392,false
85166409012882,269393352815805,0.014367104,false
85166409012882,269393362923254,0.015324593,false
85166409012882,269393373009192,-0.04903221,false
85166409012882,269393383174714,0.018235207,false
85166409012882,269393393264507,0.0069265366,false
85166409012882,269393403271331,-0.055749893,false
85166409012882,269393413270707,0.024353027,false
85166409012882,269393423364666,-0.003501892,false
85166409012882,269393433758782,-0.01812458,false
85166409012882,269393443689929,-0.03365326,false
85166409012882,269393454074201,-0.01543045,false
85166409012882,269393464151962,-0.008513451,false
85166409012882,269393474245765,0.012343407,false
85166409012882,269393484351079,0.025197983,false
85166409012882,269393494454309,0.0010051727,false
85166409012882,269393504562018,0.054434776,false
85166409012882,269393514673425,-0.03306675,false
85166409012882,269393524775770,0.031007767,false
85166409012882,269393534952698,0.001821518,false
85166409012882,269393544949887,-0.04451084,false
85166409012882,269393555080461,-0.016454697,false
85166409012882,269393565389889,0.021312714,false
85166409012882,269393575454369,0.009388924,false
85166409012882,269393585449734,-0.026965141,false
85166409012882,269393595681610,0.04355049,false
85166409012882,269393605548018,-0.080080986,false
85166409012882,269393615681925,0.04702568,false
85166409012882,269393625677968,0.068265915,false
85166409012882,269393635763594,-0.0028476715,false
85166409012882,269393645837761,0.013044357,false
85166409012882,269393656082085,0.018096924,false
85166409012882,269393666047086,-0.008506775,false
85166409012882,269393676395420,-0.00680542,false
85166409012882,269393686420161,-0.0054445267,false
85166409012882,269393696475423,-0.019678116,false
85166409012882,269393706620163,0.0110731125,false
85166409012882,269393716716466,0.016519547,false
85166409012882,269393726631155,-0.017430305,false
85166409012882,269393736916625,-0.029267311,false
85166409012882,269393747038396,0.030216217,false
85166409012882,269393757090845,-0.014134407,false
85166409012882,269393767230325,-0.034291267,false
85166409012882,269393777311004,0.010874748,false
85166409012882,269393787292671,0.012530327,false
85166409012882,269393797500328,-0.0052986145,false
85166409012882,269393807718194,0.034068108,false
85166409012882,269393817781997,0.019593239,false
85166409012882,269393827888352,-0.014970779,false
85166409012882,269393837988562,-0.050283432,false
85166409012882,269393849698979,0.044049263,false
85166409012882,269393859813772,0.008424759,false
85166409012882,269393869903513,0.010570526,false
85166409012882,269393879544816,-0.02602005,false
85166409012882,269393889614557,-0.039969444,false
85166409012882,269393899730390,-0.008991241,false
85166409012882,269393909832944,-0.02634716,false
85166409012882,269393918773049,-0.009585381,false
85166409012882,269393930833102,-0.007668495,false
85166409012882,269393940609301,0.013018608,false
85166409012882,269393950739042,-0.004907608,false
85166409012882,269393960823001,0.026720047,false
85166409012882,269393970927950,0.006052971,false
85166409012882,269393980829930,-0.029634476,false
85166409012882,269393989269045,-7.2288513E-4,false
85166409012882,269393999485713,0.037729263,false
85166409012882,269394010956964,-0.004293442,false
85166409012882,269394020952955,0.0042266846,false
85166409012882,269394031054466,0.014873505,false
85166409012882,269394041158634,0.050206184,false
85166409012882,269394051271968,-0.005804062,false
85166409012882,269394060143740,0.014510155,false
85166409012882,269394071463793,-0.03819084,false
85166409012882,269394081566294,-0.011399269,false
85166409012882,269394090478899,0.0023727417,false
85166409012882,269394101807911,-0.03257847,false
85166409012882,269394112355256,-0.07969284,false
85166409012882,269394122469632,0.08947468,false
85166409012882,269394130977341,-0.043341637,false
85166409012882,269394142674582,0.0036334991,false
85166409012882,269394151142447,0.006737709,false
85166409012882,269394162868698,0.013051987,false
85166409012882,269394172980366,0.0066108704,false
85166409012882,269394182827190,0.005288124,false
85166409012882,269394192705420,-0.04173851,false
85166409012882,269394202798546,-0.010406494,false
85166409012882,269394211685526,0.026151657,false
85166409012882,269394223028496,0.009428978,false
85166409012882,269394233113913,0.01903534,false
85166409012882,269394243219488,-0.0039253235,false
85166409012882,269394253313811,0.00452137,false
85166409012882,269394263414854,-0.0078754425,false
85166409012882,269394273543032,-0.017792702,false
85166409012882,269394283653919,0.016411781,false
85166409012882,269394293761888,0.0016374588,false
85166409012882,269394302485431,-0.017843246,false
85166409012882,269394314407515,0.012540817,false
85166409012882,269394324524548,0.013863564,false
85166409012882,269394332802778,-0.0042324066,false
85166409012882,269394344738091,0.01959896,false
85166409012882,269394353224030,-0.0034742355,false
85166409012882,269394364923823,-0.021932602,false
85166409012882,269394373453250,0.01309967,false
85166409012882,269394385167158,-0.043149948,false
85166409012882,269394393563200,0.04209423,false
85166409012882,269394404886223,-0.039108276,false
85166409012882,269394413763515,-0.012132645,false
85166409012882,269394425106068,0.051585197,false
85166409012882,269394433942475,0.0029611588,false
85166409012882,269394445300185,0.044507027,false
85166409012882,269394454138883,-0.006532669,false
85166409012882,269394465469301,-0.0052261353,false
85166409012882,269394474389250,-0.027165413,false
85166409012882,269394485708783,-0.006409645,false
85166409012882,269394494585190,-0.047266006,false
85166409012882,269394504690712,0.015817642,false
85166409012882,269394514863264,-0.02182293,false
85166409012882,269394524969203,-0.0021352768,false
85166409012882,269394535071287,0.03276825,false
85166409012882,269394545185403,-0.0159235,false
85166409012882,269394555287696,-0.016569138,false
85166409012882,269394565390978,0.009729385,false
85166409012882,269394575480145,-0.0037088394,false
85166409012882,269394585585511,0.008524895,false
85166409012882,269394595700981,-8.4114075E-4,false
85166409012882,269394605713013,-0.01216507,false
85166409012882,269394615813014,-0.013563156,false
85166409012882,269394625916713,0.023625374,false
85166409012882,269394635984058,-2.5367737E-4,false
85166409012882,269394646097236,0.041934967,false
85166409012882,269394656193331,0.0067329407,false
85166409012882,269394666289998,-0.017598152,false
85166409012882,269394676434687,-0.0064172745,false
85166409012882,269394686534792,0.021681786,false
85166409012882,269394696726199,0.009684563,false
85166409012882,269394706631929,0.01540947,false
85166409012882,269394716740993,-0.018318176,false
85166409012882,269394726781463,0.0044994354,false
85166409012882,269394736956568,-0.007892609,false
85166409012882,269394746991308,0.0013475418,false
85166409012882,269394757314174,-0.006583214,false
85166409012882,269394767271727,0.013887405,false
85166409012882,269394777567041,0.011110306,false
85166409012882,269394788374177,0.02421093,false
85166409012882,269394798818241,-0.011277199,false
85166409012882,269394808842981,-0.0013599396,false
85166409012882,269394819134597,-0.020241737,false
85166409012882,269394829488088,-0.023854256,false
85166409012882,269394838094286,0.0077314377,false
85166409012882,269394849671891,0.002354622,false
85166409012882,269394860073455,-0.0019464493,false
85166409012882,269394870266373,0.017596245,false
85166409012882,269394880236738,-0.012738228,false
85166409012882,269394890306844,-0.010190964,false
85166409012882,269394899563824,-0.042629242,false
85166409012882,269394909981325,0.011864662,false
85166409012882,269394920127524,0.01715374,false
85166409012882,269394930227577,0.029046059,false
85166409012882,269394940338515,0.011744499,false
85166409012882,269394950407787,0.020887375,false
85166409012882,269394959319975,0.024371147,false
85166409012882,269394970638258,-0.003487587,false
85166409012882,269394980697009,-0.0027894974,false
85166409012882,269394990825135,-0.044369698,false
85166409012882,269395000899771,0.002811432,false
85166409012882,269395011004928,0.002248764,false
85166409012882,269395021112273,-0.005862236,false
85166409012882,269395031692535,-0.012351036,false
85166409012882,269395041807223,0.0016107559,false
85166409012882,269395051892068,-0.04467964,false
85166409012882,269395061995298,0.029377937,false
85166409012882,269395072102591,-0.01480484,false
85166409012882,269395082203477,0.011140823,false
85166409012882,269395092308478,0.0012512207,false
85166409012882,269395102380563,0.001001358,false
85166409012882,269395112046970,-0.018352509,false
85166409012882,269395122131346,0.058101654,false
85166409012882,269395131057701,0.019666672,false
85166409012882,269395142375306,-0.02640438,false
85166409012882,269395152443380,0.009522438,false
85166409012882,269395162552287,-0.015366554,false
85166409012882,269395171423590,0.022183418,false
85166409012882,269395182749737,-0.035883904,false
85166409012882,269395192852134,-0.009553909,false
85166409012882,269395202959062,-0.011473656,false
85166409012882,269395213066876,0.00614357,false
85166409012882,269395223162294,-0.018069267,false
85166409012882,269395233901253,0.0046987534,false
85166409012882,269395243894743,-0.015394211,false
85166409012882,269395253987505,0.03365326,false
85166409012882,269395264096412,-0.011384964,false
85166409012882,269395274158027,-0.01676941,false
85166409012882,269395284271727,0.013399124,false
85166409012882,269395294374696,-0.016095161,false
85166409012882,269395304477041,0.0024471283,false
85166409012882,269395312955375,0.044095993,false
85166409012882,269395324188085,-0.006860733,false
85166409012882,269395333182721,0.025156975,false
85166409012882,269395344395378,-0.029673576,false
85166409012882,269395353305431,0.0069065094,false
85166409012882,269395364599547,-0.013628006,false
85166409012882,269395373508194,-0.010902405,false
85166409012882,269395384849185,-0.016383171,false
85166409012882,269395393712831,-0.00927639,false
85166409012882,269395403826061,-0.015082359,false
85166409012882,269395413783667,0.03390217,false
85166409012882,269395423681168,0.034783363,false
85166409012882,269395433800752,-0.0028190613,false
85166409012882,269395445446847,-0.0060863495,false
85166409012882,269395454337889,0.029607773,false
85166409012882,269395465668932,-0.026112556,false
85166409012882,269395475730548,-0.017059326,false
85166409012882,269395485833570,0.005505562,false
85166409012882,269395494734820,0.031219482,false
85166409012882,269395504856644,0.032637596,false
85166409012882,269395516145135,0.01461792,false
85166409012882,269395526249667,-0.018951416,false
85166409012882,269395536343106,-0.03431511,false
85166409012882,269395546446440,0.0031938553,false
85166409012882,269395556576076,0.006385803,false
85166409012882,269395566652796,-0.025536537,false
85166409012882,269395576756287,0.006385803,false
85166409012882,269395585489205,-0.010213852,false
85166409012882,269395595592331,-0.031155586,false
85166409012882,269395607071134,-0.021094322,false
85166409012882,269395616007072,0.025262833,false
85166409012882,269395625935927,0.012548447,false
85166409012882,269395636178533,0.059838295,false
85166409012882,269395647469836,0.0057325363,false
85166409012882,269395656216555,-0.056705475,false
85166409012882,269395666155254,-0.19859314,true
85166409012882,269395676450932,-0.3427496,true
85166409012882,269395687888537,-0.73005486,true
85166409012882,269395696795934,0.714571,true
85166409012882,269395706800571,2.7283535,true
85166409012882,269395718189010,-5.030568,true
85166409012882,269395727113750,0.14337158,true
85166409012882,269395738427605,-3.5398126,true
85166409012882,269395747358387,2.6192684,true
85166409012882,269395758599587,0.78913784,true
85166409012882,269395767511202,2.1789227,true
85166409012882,269395778832193,0.072942734,true
85166409012882,269395787718079,3.0769634,true
85166409012882,269395797819590,-5.9200506,true
85166409012882,269395807923914,7.054924,true
85166409012882,269395818026103,-0.37412643,true
85166409012882,269395828140635,-2.406199,true
85166409012882,269395838231625,-3.062684,true
85166409012882,269395848333762,5.8012295,true
85166409012882,269395858447200,-1.3809118,true
85166409012882,269395868541316,-2.8898458,true
85166409012882,269395878644546,-1.1166916,true
85166409012882,269395888746631,4.42369,true
85166409012882,269395898860433,-0.90851784,true
85166409012882,269395908963039,-3.3470287,true
85166409012882,269395919067310,0.44441605,true
85166409012882,269395929154864,1.3668432,true
85166409012882,269395939259656,-0.22812462,true
85166409012882,269395949388564,-3.2777238,true
85166409012882,269395959438773,1.3962488,true
85166409012882,269395969542576,-1.4917235,true
85166409012882,269395979478775,1.0016251,true
85166409012882,269395989800234,-1.3975339,true
85166409012882,269395999871121,2.291316,true
85166409012882,269396010056799,-3.3230996,true
85166409012882,269396019972737,3.3404322,true
85166409012882,269396030073780,-0.10492897,true
85166409012882,269396040054979,2.6052246,true
85166409012882,269396050303574,-4.6195846,true
85166409012882,269396060645085,4.88132,true
85166409012882,269396070435034,0.40377617,true
85166409012882,269396080517223,2.6521006,true
85166409012882,269396090459671,-5.5704117,true
85166409012882,269396100935610,5.721901,true
85166409012882,269396111883632,0.25263405,true
85166409012882,269396122294831,2.5541706,true
85166409012882,269396131229467,-6.2655,true
85166409012882,269396142398531,5.6370087,true
85166409012882,269396152741032,-0.029799461,true
85166409012882,269396162238429,1.6884928,true
85166409012882,269396171650096,-6.8431225,true
85166409012882,269396182944681,5.6460896,true
85166409012882,269396193063796,0.08855629,true
85166409012882,269396203115516,1.4613972,true
85166409012882,269396211878590,-7.03246,true
85166409012882,269396223382810,5.5290966,true
85166409012882,269396233463332,-0.12378979,true
85166409012882,269396243526405,1.483057,true
85166409012882,269396253669479,-7.00364,true
85166409012882,269396263772189,5.6555824,true
85166409012882,269396273889846,-0.2907524,true
85166409012882,269396283936357,2.0466785,true
85166409012882,269396294042088,-6.755771,true
85166409012882,269396304143755,4.394372,true
85166409012882,269396314244850,-1.9164677,true
85166409012882,269396324348445,2.0408897,true
85166409012882,269396333491623,-5.4234796,true
85166409012882,269396344606624,2.0048933,true
85166409012882,269396354667458,-3.3377185,true
85166409012882,269396364771001,1.7121716,true
85166409012882,269396374873346,-2.8593812,true
85166409012882,269396384807097,1.3708353,true
85166409012882,269396395078191,-4.14376,true
85166409012882,269396405180067,2.247202,true
85166409012882,269396415285641,-1.0714502,true
85166409012882,269396425374236,1.7707157,true
85166409012882,269396435015331,-4.2337437,true
85166409012882,269396444261790,2.3361053,true
85166409012882,269396454418874,0.692852,true
85166409012882,269396464422469,1.4659939,true
85166409012882,269396474507158,-3.768837,true
85166409012882,269396484609815,1.5703058,true
85166409012882,269396494736274,2.9034557,true
85166409012882,269396504809400,1.0816097,true
85166409012882,269396514915912,-3.6358113,true
85166409012882,269396525006433,0.24786663,true
85166409012882,269396535148935,3.6497736,true
85166409012882,269396546690290,0.7094917,true
85166409012882,269396556091541,-3.650032,true
85166409012882,269396566823521,-1.2766457,true
85166409012882,269396576926074,4.42214,true
85166409012882,269396587027169,0.3658743,true
85166409012882,269396597140555,-3.0591826,true
85166409012882,269396606581859,-2.6082358,true
85166409012882,269396617343578,5.3105364,true
85166409012882,269396627488319,0.12273979,true
85166409012882,269396637550872,-1.2808676,true
85166409012882,269396646294987,-4.9473543,true
85166409012882,269396656360613,6.090103,true
85166409012882,269396666514416,1.3478165,true
85166409012882,269396676595355,1.11273,true
85166409012882,269396686768064,-5.7905965,true
85166409012882,269396696753482,5.239295,true
85166409012882,269396706869004,0.18833065,true
85166409012882,269396717966973,2.5410357,true
85166409012882,269396727245464,-5.4026046,true
85166409012882,269396737332705,2.2705908,true
85166409012882,269396748233799,-2.6348271,true
85166409012882,269396757568644,1.9527035,true
85166409012882,269396767874426,-2.670786,true
85166409012882,269396777602448,0.8091974,true
85166409012882,269396787876355,-4.190845,true
85166409012882,269396797991044,1.8264608,true
85166409012882,269396808084899,-0.24350262,true
85166409012882,269396818193963,1.0846596,true
85166409012882,269396828288443,-3.8095846,true
85166409012882,269396838403027,1.3231869,true
85166409012882,269396848495632,2.0698605,true
85166409012882,269396858607144,0.6637306,true
85166409012882,269396868695947,-3.180986,true
85166409012882,269396878802458,0.5197897,true
85166409012882,269396888933657,4.2886915,true
85166409012882,269396899009752,0.3816986,true
85166409012882,269396909111524,-3.0503545,true
85166409012882,269396919209962,-1.4749417,true
85166409012882,269396929318505,5.3169527,true
85166409012882,269396939424964,0.18916512,true
85166409012882,269396949484705,-2.1739173,true
85166409012882,269396959587050,-4.064383,true
85166409012882,269396969711270,5.482542,true
85166409012882,269396979805750,0.988183,true
85166409012882,269396989921688,-0.93710995,true
85166409012882,269397000078929,-4.9826365,true
85166409012882,269397009979138,5.9929237,true
85166409012882,269397020085077,2.4231215,true
85166409012882,269397030176432,0.6360512,true
85166409012882,269397040263047,-6.087664,true
85166409012882,269397050660444,4.771798,true
85166409012882,269397060539768,1.0286713,true
85166409012882,269397070590446,1.4320221,true
85166409012882,269397080836593,-5.6194386,true
85166409012882,269397090962323,-0.48478413,true
85166409012882,269397101092116,-3.5060363,true
85166409012882,269397111979617,1.9950666,true
85166409012882,269397121295139,-1.1697292,true
85166409012882,269397131375661,-0.27306843,true
85166409012882,269397142704880,-0.7470951,true
85166409012882,269397151580923,-1.3331742,true
85166409012882,269397162928372,1.4655685,true
85166409012882,269397171788165,0.17646599,true
85166409012882,269397183117593,0.8958254,true
85166409012882,269397193213115,0.2914505,true
85166409012882,269397203287803,0.48215675,true
85166409012882,269397212097596,0.08692932,true
85166409012882,269397223519368,0.26874065,true
85166409012882,269397233649004,0.16136265,true
85166409012882,269397243681922,0.14058208,true
85166409012882,269397253829423,0.13928032,true
85166409012882,269397263929476,0.06162548,true
85166409012882,269397274036716,0.09143829,true
85166409012882,269397284109686,0.031012535,true
85166409012882,269397294195416,0.05162525,true
85166409012882,269397304300938,0.014485359,true
85166409012882,269397314404429,0.042233467,true
85166409012882,269397324502503,-0.016012192,true
85166409012882,269397334615889,-0.005147934,true
85166409012882,269397345193234,0.05334282,true
85166409012882,269397355308547,0.015859604,true
85166409012882,269397364916725,0.047163963,true
85166409012882,269397375029851,-0.023560524,true
85166409012882,269397385134228,-0.003525734,true
85166409012882,269397395703968,-0.021974564,true
85166409012882,269397405832094,-0.021410942,true
85166409012882,269397415913449,-0.0209589,true
85166409012882,269397426015534,0.025370598,true
85166409012882,269397436116889,-0.018011093,true
85166409012882,269397446216473,0.062205315,true
85166409012882,269397457209235,-3.528595E-5,true
85166409012882,269397464812986,0.015295029,true
85166409012882,269397476039601,0.039051056,true
85166409012882,269397484909967,-0.041543007,true
85166409012882,269397496253509,0.031888008,true
85166409012882,269397506355958,-0.020458221,true
85166409012882,269397516458043,0.00278759,true
85166409012882,269397526572054,0.01755333,true
85166409012882,269397535309607,-0.01660347,true
85166409012882,269397545579504,0.0020399094,true
85166409012882,269397556968984,-0.009860039,true
85166409012882,269397566998152,0.01892662,true
85166409012882,269397577115966,-0.019334793,true
85166409012882,269397587195706,0.0075159073,true
85166409012882,269397598425291,-0.0054798126,true
85166409012882,269397606203052,-0.01204586,true
85166409012882,269397618504824,-0.0058059692,true
85166409012882,269397626427429,0.0030164719,true
85166409012882,269397638524566,0.02922821,true
85166409012882,269397646620503,0.004228592,true
85166409012882,269397656536703,0.014875412,true
85166409012882,269397668371964,-0.0034227371,true
85166409012882,269397676907746,-0.0448761,true
85166409012882,269397688133685,0.01006794,true
85166409012882,269397697129727,-0.014929771,true
85166409012882,269397708402541,0.06467056,true
85166409012882,269397717334573,-0.021047592,true
85166409012882,269397728635251,0.013807297,true
85166409012882,269397737522075,-0.03875351,true
85166409012882,269397747556295,-0.008018494,true
85166409012882,269397757731608,-0.0025844574,true
85166409012882,269397767835412,0.00942421,true
85166409012882,269397777936923,-0.00778389,true
85166409012882,269397788039007,0.035910606,true
85166409012882,269397798155623,-0.02107048,true
85166409012882,269397808244790,-0.009195328,true
85166409012882,269397818348229,0.01945877,true
85166409012882,269397828526095,-0.011247635,true
85166409012882,269397838628179,-0.024321556,true
85166409012882,269397848731826,-0.019457817,true
85166409012882,269397858834639,0.0035877228,true
85166409012882,269397868872192,0.02585411,true
85166409012882,269397878977662,0.0015296936,true
85166409012882,269397889081778,0.0012235641,true
85166409012882,269397899171623,0.03928566,true
85166409012882,269397909239228,0.016105652,true
85166409012882,269397919365427,-0.0062685013,true
85166409012882,269397929444907,-0.016507149,true
85166409012882,269397939557043,-0.0093746185,true
85166409012882,269397949647773,0.01548481,true
85166409012882,269397959813087,0.00855732,true
85166409012882,269397969939598,0.022169113,true
85166409012882,269397980026266,-0.032064438,true
85166409012882,269397989883819,-0.006498337,true
85166409012882,269398000116737,-0.024352074,true
85166409012882,269398010119550,0.011163712,true
85166409012882,269398020162364,-0.010222435,true
85166409012882,269398030167990,-0.031162262,true
85166409012882,269398040270595,0.0172081,true
85166409012882,269398050748096,0.013766289,true
85166409012882,269398061923201,0.02250576,true
85166409012882,269398071982004,-0.020302773,true
85166409012882,269398082152891,-9.1934204E-4,true
85166409012882,269398092248465,0.010756493,true
85166409012882,269398102469768,0.0047740936,true
85166409012882,269398112429144,0.01914215,true
85166409012882,269398122595239,-0.0038394928,true
85166409012882,269398131533521,-0.01839447,true
85166409012882,269398142919199,0.008268356,true
85166409012882,269398152965137,0.0142765045,true
85166409012882,269398163071128,-0.01922512,true
85166409012882,269398173168004,0.007604599,true
85166409012882,269398183230505,-0.0130701065,true
85166409012882,269398193392329,-0.0027942657,true
85166409012882,269398203958267,0.016918182,true
85166409012882,269398212344779,-0.0132808685,true
85166409012882,269398224160926,-0.018285751,true
85166409012882,269398234226187,-0.0031366348,true
85166409012882,269398244355928,-0.014000893,true
85166409012882,269398254433637,-0.018862724,true
85166409012882,269398264533430,-0.011259079,true
85166409012882,269398274639525,0.0024852753,true
85166409012882,269398284347598,0.013480186,true
85166409012882,269398294374370,-0.019861221,true
85166409012882,269398303166090,0.03391075,true
85166409012882,269398314605570,0.07309723,true
85166409012882,269398323411561,-0.006644249,true
85166409012882,269398334809426,0.0061769485,true
85166409012882,269398344876458,-0.021873474,true
85166409012882,269398354980991,0.02847004,true
85166409012882,269398365093335,0.0112838745,true
85166409012882,269398375179014,-0.013957024,true
85166409012882,269398385270004,-0.04947281,true
85166409012882,269398395401255,-0.016593933,true
85166409012882,269398406425319,0.025032043,true
85166409012882,269398416087455,0.016195297,true
85166409012882,269398426190477,0.012956619,true
85166409012882,269398436294541,-0.004957199,true
85166409012882,269398444589541,0.019018173,true
85166409012882,269398454791001,-0.053738594,true
85166409012882,269398464792408,-8.5258484E-4,true
85166409012882,269398474888034,-0.008343697,true
85166409012882,269398484960275,0.023970604,true
85166409012882,269398495009963,0.015345573,true
85166409012882,269398505109287,0.031430244,true
85166409012882,269398515238455,0.025144577,true
85166409012882,269398525313039,0.027776718,true
85166409012882,269398535428457,-7.6293945E-4,true
85166409012882,269398546998718,-6.1035156E-4,true
85166409012882,269398557978928,-0.019641876,true
85166409012882,269398565950231,0.0034399033,true
85166409012882,269398575929919,-0.03172493,true
85166409012882,269398587354452,0.012927055,true
85166409012882,269398597488150,-0.004981041,true
85166409012882,269398607547370,-0.08442974,true
85166409012882,269398618239871,0.093346596,true
85166409012882,269398626633466,-0.07472038,true
85166409012882,269398638585133,-0.15171337,true
85166409012882,269398646854510,0.15444088,true
85166409012882,269398656755083,0.012461662,true
85166409012882,269398667066334,-0.047491074,true
85166409012882,269398678784513,-0.037992477,true
85166409012882,269398687197899,0.15731144,true
85166409012882,269398698463838,-0.046533585,true
85166409012882,269398707390557,-0.037226677,true
85166409012882,269398718703631,0.058325768,true
85166409012882,269398727586393,-0.014631271,true
85166409012882,269398737698268,-0.034689903,true
85166409012882,269398747792540,-0.008598328,true
85166409012882,269398757890614,0.05824375,true
85166409012882,269398767995615,-0.037680626,true
85166409012882,269398778099262,-0.049298286,true
85166409012882,269398788197649,0.029514313,true
85166409012882,269398798305254,0.038934708,true
85166409012882,269398808384525,-0.022482872,true
85166409012882,269398820190673,0.008828163,true
85166409012882,269398830293069,0.060692787,true
85166409012882,269398840387550,-0.03189087,true
85166409012882,269398850485311,-0.04466629,true
85166409012882,269398860613385,-0.03956318,true
85166409012882,269398870693022,0.0066566467,true
85166409012882,269398880797293,0.016818047,true
85166409012882,269398890893805,0.024946213,true
85166409012882,269398900539430,0.031449318,true
85166409012882,269398910628964,-0.0016555786,true
85166409012882,269398919563234,0.006337166,true
85166409012882,269398930826986,-0.037068367,true
85166409012882,269398940934539,-0.037316322,true
85166409012882,269398951030529,7.9250336E-4,true
85166409012882,269398959948968,-0.018519402,true
85166409012882,269398969874489,0.031152725,true
85166409012882,269398981348605,0.005768776,true
85166409012882,269398990253398,0.04675293,true
85166409012882,269399001592357,-0.023889542,true
85166409012882,269399010459858,-0.007619858,true
85166409012882,269399021785276,-0.006095886,true
85166409012882,269399030765016,0.010445595,true
85166409012882,269399042435539,0.02750969,true
85166409012882,269399050940747,-0.020130157,true
85166409012882,269399062639290,-0.027596474,true
85166409012882,269399071153510,-0.01824665,true
85166409012882,269399081266219,0.031371117,true
85166409012882,269399091353877,-0.020871162,true
85166409012882,269399101457524,-0.032019615,true
85166409012882,269399111490962,0.0050296783,true
85166409012882,269399121414817,0.034669876,true
85166409012882,269399131700391,0.03539753,true
85166409012882,269399141793830,-0.0138196945,true
85166409012882,269399151907372,-0.003394127,true
85166409012882,269399161997530,0.012607574,true
85166409012882,269399172112635,-0.009067535,true
85166409012882,269399182202896,0.008069038,true
85166409012882,269399192353678,0.0026245117,true
85166409012882,269399202433315,0.009760857,true
85166409012882,269399212332170,-0.007514,true
85166409012882,269399222616077,0.043787956,true
85166409012882,269399232749568,-0.02626133,true
85166409012882,269399242676392,-0.055485725,true
85166409012882,269399253008111,0.0015802383,true
85166409012882,269399262886081,-0.037042618,true
85166409012882,269399273225301,-0.048787117,true
85166409012882,269399283154573,0.049077034,true
85166409012882,269399293247543,0.06607723,true
85166409012882,269399303222491,-0.054398537,true
85166409012882,269399313360097,-0.00521183,true
85166409012882,269399323312494,0.05712223,true
85166409012882,269399333543536,-2.708435E-4,true
85166409012882,269399343871714,-0.027031898,true
85166409012882,269399353866299,0.04732704,true
85166409012882,269399363948591,0.022539139,true
85166409012882,269399373995936,-0.02027607,true
85166409012882,269399385172864,-0.027712822,true
85166409012882,269399395441407,0.046782494,true
85166409012882,269399405589481,0.029764175,true
85166409012882,269399415758649,-0.075787544,true
85166409012882,269399426007452,-0.010830879,true
85166409012882,269399435757557,0.01431942,true
85166409012882,269399444739797,-0.030682564,true
85166409012882,269399456570840,-0.024546623,true
85166409012882,269399465138810,0.014839172,true
85166409012882,269399476902405,3.7956238E-4,true
85166409012882,269399486994228,0.004134178,true
85166409012882,269399497099230,-0.012015343,true
85166409012882,269399507988293,0.032526016,true
85166409012882,269399516841002,-0.016117096,true
85166409012882,269399526925639,-0.009062767,true
85166409012882,269399537020431,-0.018742561,true
85166409012882,269399547135537,0.015651703,true
85166409012882,269399557235902,0.0010290146,true
85166409012882,269399567337674,0.00848484,true
85166409012882,269399577393092,-0.008535385,true
85166409012882,269399587492363,0.004664421,true
85166409012882,269399597624448,-0.026914597,true
85166409012882,269399607702730,0.0052833557,true
85166409012882,269399617816012,0.034872055,true
85166409012882,269399627910076,0.00874424,true
85166409012882,269399638491014,-0.02365017,true
85166409012882,269399648609036,0.00406456,true
85166409012882,269399657060756,0.056881905,true
85166409012882,269399668802424,-0.042601585,true
85166409012882,269399678907269,-0.03025055,true
85166409012882,269399687487478,-0.01270771,true
85166409012882,269399699123312,0.0013256073,true
85166409012882,269399709211907,-0.0066013336,true
85166409012882,269399718841960,-0.0014505386,true
85166409012882,269399728947065,0.029485703,true
85166409012882,269399739041962,-0.014718056,true
85166409012882,269399749138317,0.015040398,true
85166409012882,269399759240922,0.008201599,true
85166409012882,269399769368892,0.010392189,true
85166409012882,269399779457852,-0.014670372,true
85166409012882,269399789547696,0.003586769,true
85166409012882,269399798464833,0.018192291,true
85166409012882,269399809760354,0.018384933,true
85166409012882,269399819871501,-0.03126049,true
85166409012882,269399829502544,-0.021177292,true
85166409012882,269399840099264,0.01753521,true
85166409012882,269399850651869,-0.02810955,true
85166409012882,269399860752078,0.01965046,true
85166409012882,269399870868277,0.027212143,true
85166409012882,269399881052549,0.017939568,true
85166409012882,269399891060727,-0.023955345,true
85166409012882,269399901173489,0.0038194656,true
85166409012882,269399909660000,-7.753372E-4,true
85166409012882,269399921041616,-0.023604393,true
85166409012882,269399930528752,2.6988983E-4,true
85166409012882,269399941016358,0.01170826,true
85166409012882,269399950018754,0.009366989,true
85166409012882,269399961311724,-1.6784668E-4,true
85166409012882,269399970211308,0.011357307,true
85166409012882,269399981539330,-0.0024061203,true
85166409012882,269399990443654,-0.02873993,true
85166409012882,269400001720478,-0.030653954,true
85166409012882,269400010635010,0.013783455,true
85166409012882,269400021914438,0.0033655167,true
85166409012882,269400030830481,-0.012630463,true
85166409012882,269400042146628,0.047356606,true
85166409012882,269400051110326,0.003408432,true
85166409012882,269400061211525,-0.008765221,true
85166409012882,269400071315589,0.012141228,true
85166409012882,269400081412256,0.0020513535,true
85166409012882,269400091458195,-0.006020546,true
85166409012882,269400101547258,-0.012477875,true
85166409012882,269400111722937,0.016832352,true
85166409012882,269400121718094,-0.009518623,true
85166409012882,269400131855387,-0.015276909,true
85166409012882,269400141970179,-7.2956085E-4,true
85166409012882,269400152135076,0.022400856,true
85166409012882,269400162251119,0.052396774,true
85166409012882,269400172349401,0.011271477,true
85166409012882,269400182448256,0.02434063,true
85166409012882,269400192553413,-0.06480312,true
85166409012882,269400202650342,0.013279915,true
85166409012882,269400212542426,-0.008529663,true
85166409012882,269400222794562,-0.0068235397,true
85166409012882,269400232856178,0.009863853,true
85166409012882,269400242949252,0.011721611,true
85166409012882,269400253058367,0.0017156601,true
85166409012882,269400263190608,0.012864113,true
85166409012882,269400273310609,-0.0050315857,true
85166409012882,269400283415350,-0.049993515,true
85166409012882,269400293316184,-0.0016870499,true
85166409012882,269400303430612,-0.005180359,true
85166409012882,269400313555040,0.0035171509,true
85166409012882,269400323700614,-0.027832031,true
85166409012882,269400333796292,-0.018434525,true
85166409012882,269400343926866,0.02355957,true
85166409012882,269400354110930,-0.019459724,true
85166409012882,269400365328639,-0.01556778,true
85166409012882,269400374392077,0.018191338,true
85166409012882,269400384289735,-0.004600525,true
85166409012882,269400395586090,0.011642456,true
85166409012882,269400406150674,0.024637222,true
85166409012882,269400416131405,-0.0071048737,true
85166409012882,269400426632603,0.021131516,true
85166409012882,269400436101511,0.02839756,true
85166409012882,269400445015939,0.01505661,true
85166409012882,269400456366304,-0.018600464,true
85166409012882,269400465249430,-0.01871109,true
85166409012882,269400476574483,-0.014968872,true
85166409012882,269400486690474,0.0071783066,true
85166409012882,269400496749590,0.0057430267,true
85166409012882,269400506896361,0.019917488,true
85166409012882,269400516981935,-0.02620411,true
85166409012882,269400527088447,0.0058517456,true
85166409012882,269400537171989,8.506775E-4,true
85166409012882,269400547294230,0.012172699,true
85166409012882,269400557886627,0.017399788,true
85166409012882,269400567939597,-0.02055645,true
85166409012882,269400578042775,-0.00878334,true
85166409012882,269400588168505,0.012126923,true
85166409012882,269400598245173,0.021193504,true
85166409012882,269400608344757,-0.017521858,true
85166409012882,269400618452102,0.0013055801,true
85166409012882,269400628546790,-0.041093826,true
85166409012882,269400638330020,-0.021383286,true
85166409012882,269400648276428,0.013539314,true
85166409012882,269400657006689,-6.608963E-4,true
85166409012882,269400668544763,-0.0043592453,true
85166409012882,269400678617733,0.0041742325,true
85166409012882,269400688734088,-0.011983871,true
85166409012882,269400698787214,-0.009587288,true
85166409012882,269400707936329,0.0038223267,true
85166409012882,269400718991799,-0.016096115,true
85166409012882,269400729107425,0.01776886,true
85166409012882,269400739196228,0.014215469,true
85166409012882,269400749302115,-1.20162964E-4,true
85166409012882,269400759429459,-0.003927231,true
85166409012882,269400769505398,0.042826653,true
85166409012882,269400779610451,-0.118967056,true
85166409012882,269400789241650,-0.095173836,true
85166409012882,269400799812901,0.0043058395,true
85166409012882,269400810425506,-0.027201653,true
85166409012882,269400820497278,0.024207115,true
85166409012882,269400830605248,0.053842545,true
85166409012882,269400840847905,0.08904266,true
85166409012882,269400849868636,0.14401817,true
85166409012882,269400860438532,0.08839989,true
85166409012882,269400870534731,0.051566124,true
85166409012882,269400880688898,0.025930405,true
85166409012882,269400890738744,-0.025224686,true
85166409012882,269400900853172,-0.043164253,true
85166409012882,269400910943277,-0.061346054,true
85166409012882,269400921045101,-0.118029594,true
85166409012882,269400930709476,-0.07143974,true
85166409012882,269400941239426,-0.057151794,true
85166409012882,269400950176874,-0.053382874,true
85166409012882,269400961454011,0.014754295,true
85166409012882,269400970447137,-0.011180878,true
85166409012882,269400982156513,0.025531769,true
85166409012882,269400990650733,0.06256294,true
85166409012882,269401000638650,0.10368061,true
85166409012882,269401012505214,0.102098465,true
85166409012882,269401020960788,0.0050640106,true
85166409012882,269401032664591,0.04618931,true
85166409012882,269401041114748,0.02162838,true
85166409012882,269401051201936,-0.024835587,true
85166409012882,269401061290635,-0.02369976,true
85166409012882,269401071407251,-0.04960537,true
85166409012882,269401081497044,-0.074160576,true
85166409012882,269401091604753,-0.11678982,true
85166409012882,269401101719025,-0.13173962,true
85166409012882,269401111804495,-0.044099808,true
85166409012882,269401121912516,-0.0046339035,true
85166409012882,269401132015486,0.026938438,true
85166409012882,269401142117935,0.021550179,true
85166409012882,269401152227207,0.047885895,true
85166409012882,269401162320125,0.08427715,true
85166409012882,269401172500542,0.1248827,true
85166409012882,269401182615387,0.09224415,true
85166409012882,269401192658253,0.0661335,true
85166409012882,269401202814556,0.04907608,true
85166409012882,269401212687161,0.01627636,true
85166409012882,269401223026381,0.016851425,true
85166409012882,269401232899715,-0.043979645,true
85166409012882,269401243013831,-0.035183907,true
85166409012882,269401253155446,-0.08177757,true
85166409012882,269401263372843,-0.09223747,true
85166409012882,269401273221386,-0.089113235,true
85166409012882,269401283386335,-0.10576725,true
85166409012882,269401293616492,-0.027153015,true
85166409012882,269401303605503,-0.03321457,true
85166409012882,269401313667171,0.027058601,true
85166409012882,269401323797224,0.03697014,true
85166409012882,269401334077277,0.041068077,true
85166409012882,269401343997643,0.124791145,true
85166409012882,269401355182331,0.034710884,true
85166409012882,269401365483843,0.02010727,true
85166409012882,269401375762386,-0.04520607,true
85166409012882,269401386198064,-0.028503418,true
85166409012882,269401396127544,0.046150208,true
85166409012882,269401406364524,0.017765999,true
85166409012882,269401414755046,-0.0011100769,true
85166409012882,269401426664109,-0.0047187805,true
85166409012882,269401436797079,0.0038862228,true
85166409012882,269401445324267,0.014600754,true
85166409012882,269401456670831,-0.030457497,true
85166409012882,269401465399217,-0.024365425,true
85166409012882,269401476783958,0.0034914017,true
85166409012882,269401486833751,0.014285088,true
85166409012882,269401496944377,0.0075979233,true
85166409012882,269401507034586,-0.020736694,true
85166409012882,269401517131670,-0.0012664795,true
85166409012882,269401527250734,-0.027828217,true
85166409012882,269401537339277,7.2193146E-4,true
85166409012882,269401547450423,0.015900612,true
85166409012882,269401557515581,-0.006433487,true
85166409012882,269401567629384,0.021668434,true
85166409012882,269401577729489,-0.009480476,true
85166409012882,269401587832198,-0.003753662,true
85166409012882,269401598407460,0.023812294,true
85166409012882,269401608504805,0.007557869,true
85166409012882,269401618636160,0.02519989,true
85166409012882,269401628713452,-0.04879284,true
85166409012882,269401638821995,0.052903175,true
85166409012882,269401648914288,-0.026630402,true
85166409012882,269401658076945,-0.009812355,true
85166409012882,269401667280592,-0.027003288,true
85166409012882,269401678781374,-0.02543354,true
85166409012882,269401688850281,0.017960548,true
85166409012882,269401698955126,-0.0047855377,true
85166409012882,269401709051794,0.015324593,true
85166409012882,269401719151899,0.016090393,true
85166409012882,269401729258410,0.009041786,true
85166409012882,269401739367578,-0.008089066,true
85166409012882,269401749469506,-0.0141325,true
85166409012882,269401759577372,-0.018967628,true
85166409012882,269401769663570,0.011640549,true
85166409012882,269401779769718,0.00931263,true
85166409012882,269401789430135,-0.015534401,true
85166409012882,269401798788313,0.052695274,true
85166409012882,269401811004981,-0.022966385,true
85166409012882,269401819062430,0.012272835,true
85166409012882,269401830765608,-0.020827293,true
85166409012882,269401840881078,-0.012830734,true
85166409012882,269401850973006,0.008889198,true
85166409012882,269401861984725,-0.027365685,true
85166409012882,269401869500872,0.012583733,true
85166409012882,269401880800040,-0.005255699,true
85166409012882,269401890452541,-0.023358345,true
85166409012882,269401901042646,-0.011025429,true
85166409012882,269401909930720,-0.016482353,true
85166409012882,269401921222492,0.005968094,true
85166409012882,269401930127389,0.020097733,true
85166409012882,269401941456921,0.03140068,true
85166409012882,269401950329370,-0.0016946793,true
85166409012882,269401961668798,-0.0013561249,true
85166409012882,269401970545570,-0.012577057,true
85166409012882,269401981874581,0.0014305115,true
85166409012882,269401990815624,0.012636185,true
85166409012882,269402002515833,0.017770767,true
85166409012882,269402011047709,-0.031751633,true
85166409012882,269402020920887,-0.01390934,true
85166409012882,269402031065315,-0.014958382,true
85166409012882,269402041330264,0.00335598,true
85166409012882,269402051433494,0.010346413,true
85166409012882,269402061482454,-0.018538475,true
85166409012882,269402071526934,0.011984825,true
85166409012882,269402081629070,0.024910927,true
85166409012882,269402091733394,-0.0030555725,true
85166409012882,269402101688291,0.0013866425,true
85166409012882,269402111807563,0.012601852,true
85166409012882,269402122073345,0.010081291,true
85166409012882,269402132146419,0.008065224,true
85166409012882,269402142115431,0.014113426,true
85166409012882,269402152349077,0.01129055,true
85166409012882,269402162312047,-0.006290436,true
85166409012882,269402172399652,0.00262928,true
85166409012882,269402182666997,-0.013219833,true
85166409012882,269402192617884,-0.014406204,true
85166409012882,269402202724812,-0.015356064,true
85166409012882,269402212817573,0.010699272,true
85166409012882,269402223077001,-0.0067634583,true
85166409012882,269402233030804,-0.009241104,true
85166409012882,269402243371795,0.034745216,true
85166409012882,269402253438410,-0.03732586,true
85166409012882,269402263438464,-0.0030460358,true
85166409012882,269402273440756,0.020547867,true
85166409012882,269402283691070,-0.0065460205,true
85166409012882,269402293685498,0.017747879,true
85166409012882,269402303763520,-0.001124382,true
85166409012882,269402313905604,-0.0047302246,true
85166409012882,269402324115865,0.011538506,true
85166409012882,269402334254460,0.009230614,true
85166409012882,269402345211857,0.030368805,true
85166409012882,269402354293316,-0.017843246,true
85166409012882,269402364397744,-0.0027828217,true
85166409012882,269402374536964,-0.013718605,true
85166409012882,269402384581080,-0.010974884,true
85166409012882,269402395760664,-0.0126104355,true
85166409012882,269402406167228,0.028219223,true
85166409012882,269402415798218,0.007252693,true
85166409012882,269402426212490,-0.01335144,true
85166409012882,269402435981345,0.019964218,true
85166409012882,269402445959367,0.015971184,true
85166409012882,269402456545097,-0.021699905,true
85166409012882,269402466741817,-0.021190643,true
85166409012882,269402475488380,0.017523766,true
85166409012882,269402486826507,0.021680832,true
85166409012882,269402495530257,-0.04394722,true
85166409012882,269402505743540,-6.8092346E-4,true
85166409012882,269402515844791,0.014778137,true
85166409012882,269402525949011,0.034807205,true
85166409012882,269402537281980,-0.0027999878,true
85166409012882,269402546144429,-0.03671646,true
85166409012882,269402555935784,0.020425797,true
85166409012882,269402567567869,-0.010474205,true
85166409012882,269402576447974,-7.1811676E-4,true
85166409012882,269402586576933,-0.008235931,true
85166409012882,269402596733132,-0.006588936,true
85166409012882,269402606728185,0.013882637,true
85166409012882,269402618087353,0.022598267,true
85166409012882,269402626981312,-0.05087471,true
85166409012882,269402637102147,0.00909996,true
85166409012882,269402647174439,0.0302639,true
85166409012882,269402657304336,-0.0026044846,true
85166409012882,269402667197410,-0.051882744,true
85166409012882,269402678645015,-0.033844948,true
85166409012882,269402688727985,0.06869221,true
85166409012882,269402697920486,-0.03315258,true
85166409012882,269402708051008,0.0079545975,true
85166409012882,269402719015540,-0.012789726,true
85166409012882,269402727769551,-0.014061928,true
85166409012882,269402737875959,-0.0074186325,true
85166409012882,269402749357627,-0.01742649,true
85166409012882,269402758059398,0.01670456,true
85166409012882,269402769635754,0.001871109,true
85166409012882,269402778446223,0.012989044,true
85166409012882,269402788560599,-0.00493145,true
85166409012882,269402799827684,0.04585457,true
85166409012882,269402809926278,-0.0016231537,true
85166409012882,269402818817946,-0.0051288605,true
85166409012882,269402829387218,-2.7179718E-4,true
85166409012882,269402839627167,0.0151052475,true
85166409012882,269402850294199,0.035068512,true
85166409012882,269402860437377,-0.021744728,true
85166409012882,269402870497222,0.0055885315,true
85166409012882,269402880620452,-0.030005455,true
85166409012882,269402890719411,0.018134117,true
85166409012882,269402899635506,-0.012308121,true
85166409012882,269402910784413,-0.013677597,true
85166409012882,269402920976706,-0.0071115494,true
85166409012882,269402929884936,0.013464928,true
85166409012882,269402941186344,0.033756256,true
85166409012882,269402950088219,-0.018963814,true
85166409012882,269402961375877,0.011644363,true
85166409012882,269402970288690,0.016976357,true
85166409012882,269402981595358,-0.017065048,true
85166409012882,269402990468848,0.036147118,true
85166409012882,269403001792235,-0.017050743,true
85166409012882,269403010666194,-0.013640404,true
85166409012882,269403020605883,-0.007081032,true
85166409012882,269403030700988,-0.009495735,true
85166409012882,269403040620676,0.0038957596,true
85166409012882,269403050709323,-0.019867897,true
85166409012882,269403061101564,0.018582344,true
85166409012882,269403071172607,-0.011949539,true
85166409012882,269403081262347,-0.0018978119,true
85166409012882,269403091241098,-0.03216362,true
85166409012882,269403101370526,0.020237923,true
85166409012882,269403111624902,-0.022116661,true
85166409012882,269403121721153,0.0014600754,true
85166409012882,269403131855685,0.0049991608,true
85166409012882,269403141938186,-0.022815704,true
85166409012882,269403152000427,0.027716637,true
85166409012882,269403161996574,0.014512062,true
85166409012882,269403171932096,0.019270897,true
85166409012882,269403182181576,0.026908875,true
85166409012882,269403192269181,0.02152729,true
85166409012882,269403202369390,-0.0019311905,true
85166409012882,269403212320537,0.006116867,true
85166409012882,269403222613715,-0.014260292,true
85166409012882,269403232715696,0.007745743,true
85166409012882,269403242803821,-0.009126663,true
85166409012882,269403252869343,-0.064762115,true
85166409012882,269403262984500,-0.009672165,true
85166409012882,269403273082366,0.0037546158,true
85166409012882,269403283183357,0.037480354,true
85166409012882,269403293400233,0.0031690598,true
85166409012882,269403303310963,-0.024279594,true
85166409012882,269403313433933,0.015052795,true
85166409012882,269403323436121,-0.0032806396,true
85166409012882,269403333364872,-0.017947197,true
85166409012882,269403343957269,0.004796028,true
85166409012882,269403353753728,0.034482956,true
85166409012882,269403363983104,-0.018382072,true
85166409012882,269403373985501,0.019770622,true
85166409012882,269403384060658,-0.018659592,true
85166409012882,269403395420555,-0.02258873,true
85166409012882,269403405445088,0.024066925,true
85166409012882,269403415550766,-0.011392593,true
85166409012882,269403425700923,0.04451561,true
85166409012882,269403435793684,-0.0026950836,true
85166409012882,269403446016810,-0.0059871674,true
85166409012882,269403456104416,-0.012451172,true
85166409012882,269403466196240,-0.0022993088,true
85166409012882,269403476291970,-0.005669594,true
85166409012882,269403486400825,0.0031261444,true
85166409012882,269403496047284,-0.01665306,true
85166409012882,269403506577546,0.001999855,true
85166409012882,269403516691140,-0.006061554,true
85166409012882,269403526791923,-0.035494804,true
85166409012882,269403536851872,-0.009242058,true
85166409012882,269403545939425,0.030913353,true
85166409012882,269403557156197,0.013237953,true
85166409012882,269403567187031,-0.05453205,true
85166409012882,269403577244688,-0.024472237,true
85166409012882,269403587391304,-0.004254341,true
85166409012882,269403597441773,0.042565346,true
85166409012882,269403607536774,-0.01957798,true
85166409012882,269403617649536,0.018814087,true
85166409012882,269403627732506,0.030373573,true
85166409012882,269403637827975,0.016637802,true
85166409012882,269403647921570,-0.051812172,true
85166409012882,269403658014436,0.008349419,true
85166409012882,269403666759853,-0.039289474,true
85166409012882,269403678253032,-0.012278557,true
85166409012882,269403687850011,-0.002161026,true
85166409012882,269403697224908,0.055731773,true
85166409012882,269403708559857,0.010108948,true
85166409012882,269403718620379,0.008087158,true
85166409012882,269403728706839,0.014130592,true
85166409012882,269403738797725,0.015134811,true
85166409012882,269403748900591,-0.07599926,true
85166409012882,269403758996686,-0.041646004,true
85166409012882,269403768622572,-0.037147522,true
85166409012882,269403778013250,0.046896935,true
85166409012882,269403789284709,0.033686638,true
85166409012882,269403799383460,0.06142521,true
85166409012882,269403809482732,0.003170967,true
85166409012882,269403819579556,-0.008955002,true
85166409012882,269403829221224,-0.0071640015,true
85166409012882,269403839781589,-0.017223358,true
85166409012882,269403849877320,0.0015439987,true
85166409012882,269403859971435,0.028050423,true
85166409012882,269403870076280,0.01861,true
85166409012882,269403880175656,0.037872314,true
85166409012882,269403890260397,-0.027163506,true
85166409012882,269403899175814,-0.025561333,true
85166409012882,269403910259565,-0.016618729,true
85166409012882,269403920567847,-0.02095604,true
85166409012882,269403930691859,0.01004982,true
85166409012882,269403940802016,0.02719307,true
85166409012882,269403950848162,0.060061455,true
85166409012882,269403960958320,-0.013241768,true
85166409012882,269403971049675,-0.0259161,true
85166409012882,269403979952385,0.006081581,true
85166409012882,269403990059677,-0.014287949,true
85166409012882,269404000162855,-0.015260696,true
85166409012882,269404010285877,0.010775566,true
85166409012882,269404020184055,9.584427E-4,true
85166409012882,269404030849994,-0.010725021,true
85166409012882,269404041728901,-9.1838837E-4,true
85166409012882,269404050631923,-0.012227058,true
85166409012882,269404061957133,-0.013612747,true
85166409012882,269404070828487,0.061893463,true
85166409012882,269404082124791,-0.046253204,true
85166409012882,269404090840000,-0.017848969,true
85166409012882,269404100772605,0.027858734,true
85166409012882,269404110898491,-0.016020775,true
85166409012882,269404120996930,0.040813446,true
85166409012882,269404131210264,-0.036302567,true
